Museum_Number	UCM_Number	Canister	Class	Order	Family	Subfamily	Genus	Species	Element_original	Notes	Last ID revision	include.in.diversity.stats
LACMP23-28065	NSF-16-01A1	A1/L1	Mammalia	Lagomorpha	Leporidae		Sylvilagus	sp	upper rt tooth			y
LACMP23-28066	NSF-16-01A2	A1/L1	Mammalia	Lagomorpha	Leporidae		Sylvilagus	sp	lower rt tooth			y
LACMP23-28067	NSF-16-01A3	A1/L1	Mammalia	Lagomorpha	Leporidae		Sylvilagus	sp	upper rt tooth			y
LACMP23-28068	NSF-16-01A4	A1/L1	Mammalia	Lagomorpha	Leporidae		Sylvilagus	sp	upper rt tooth			y
LACMP23-28069	NSF-16-01A5	A1/L1	Mammalia	Lagomorpha	Leporidae		Sylvilagus	sp	lower lt tooth			y
LACMP23-28346	NSF-16-01B	A1/L1	Mammalia	Carnivora	Canidae		Canis	dirus	Juv. anterior dentary frag w/ partially erupted premolar			n
LACMP23-28070	NSF-16-01C	A1/L1	Mammalia	Carnivora	Mephitidae		Mephitis	mephitis	lower lt p4			y
LACMP23-28071; LACMP23-28072	NSF-16-01D	A1/L1	Mammalia	Rodentia/Lagomorpha					2 incisors			n
LACMP23-28074 	NSF-16-02A	A1/L1	Mammalia	Lagomorpha	Leporidae		Sylvilagus	sp	lower rt tooth			y
LACMP23-28075	NSF-16-02B	A1/L1	Mammalia	Lagomorpha	Leporidae		Sylvilagus	sp	lower rt tooth			y
LACMP23-28076	NSF-16-02C	A1/L1	Mammalia	Lagomorpha	Leporidae		Sylvilagus	sp	partial upper tooth			y
LACMP23-28077; LACMP23-28078	NSF-16-03	A1/L1	Mammalia	Rodentia	Cricetidae	Arvicolinae	Microtus	sp	upper rt M1 (2 frags)			y
LACMP23-28073	NSF-16-04	A2/L2	Mammalia	Rodentia	Sciuridae	Xerinae	Otospermophilus	?beecheyi	lt maxilla and P4		7/19/2020	y
LACMP23-28080	NSF-16-05A	A2/L2	Mammalia	Lagomorpha	Leporidae		Sylvilagus	sp	upper tooth frag			y
LACMP23-28081	NSF-16-05B	A2/L2	Mammalia	Lagomorpha	Leporidae		Sylvilagus	sp	upper tooth frag			y
LACMP23-28079	NSF-16-06	A2/L2	Mammalia	Rodentia	Sciuridae	Xerinae	Otospermophilus	?beecheyi	upper lt M3		7/19/2020	y
LACMP23-28082	NSF-16-07	A2/L2	Mammalia	Lagomorpha	Leporidae		Sylvilagus	bachmani	lower rt p3			y
LACMP23-28083	NSF-16-08	A2/L2	Mammalia	Rodentia	Sciuridae	Xerinae	Otospermophilus	?beecheyi	lower rt m1		7/19/2020	y
LACMP23-28084	NSF-16-09	A2/L2	Mammalia	Lagomorpha	Leporidae		Sylvilagus	cf S. audubonii	lower lt p3			y
LACMP23-28085	NSF-16-10	A2/L2	Mammalia	Rodentia	Sciuridae	Xerinae	Otospermophilus	?beecheyi	lower rt m1/m2		7/19/2020	y
LACMP23-28086	NSF-16-11	A2/L2	Mammalia	Lagomorpha	Leporidae		cf Sylvilagus		upper incisor			n
LACMP23-28087; LACMP23-28088; LACMP23-28089; LACMP23-28090; LACMP23-28091; LACMP23-28092	NSF-16-12	A2/L2	Mammalia	Rodentia/Lagomorpha					misc. incisors			n
LACMP23-28093	NSF-16-13	A2/L2	Mammalia	Rodentia/Lagomorpha					incisor			n
LACMP23-28094	NSF-16-14	B2/L2	Mammalia	Rodentia/Lagomorpha					incisor			n
LACMP23-28095	NSF-16-15	B2/L2	Mammalia	Rodentia/Lagomorpha					incisor			n
LACMP23-28096	NSF-16-16	B2/L2	Mammalia	Lagomorpha	Leporidae				lower rt tooth	Occlusal surface partially broken		y
LACMP23-28097	NSF-16-17	B2/L2	Mammalia	Rodentia	Sciuridae	Xerinae	Otospermophilus	?beecheyi	upper lt M3			y
LACMP23-28098	NSF-16-18	B2/L2	Mammalia	Rodentia	Sciuridae	Xerinae	Otospermophilus	?beecheyi	partial lower lt molar			y
LACMP23-28099	NSF-16-19	B2/L2	Mammalia	Lagomorpha	Leporidae		Sylvilagus	sp	lower rt tooth	Occlusal surface partially broken		y
LACMP23-28100	NSF-16-20a	B2/L2	Mammalia	Rodentia	Cricetidae	Arvicolinae	Microtus	sp	upper lt M1			y
LACMP23-28101	NSF-16-20b	B2/L2	Mammalia	Rodentia	Cricetidae	Arvicolinae	Microtus	sp	upper lt M2	anterior broken		y
LACMP23-28102	NSF-16-21	B2/L2	Mammalia	Rodentia	?Geomyidae				tooth frag		2/27/2019	y
LACMP23-28103	NSF-16-22	B2/L2	Mammalia	Rodentia	Sciuridae	Xerinae	Otospermophilus	?beecheyi	partial lower rt molar	juv		y
LACMP23-28104	NSF-16-23	B2/L2	Mammalia	Rodentia	Sciuridae	Xerinae	Otospermophilus	?beecheyi	upper rt M3			y
LACMP23-28105	NSF-16-24a	B2/L2	Mammalia	Lagomorpha	Leporidae		Sylvilagus	audubonii	lower rt p3		3/26/2019	y
LACMP23-28106	NSF-16-24b	B2/L2	Mammalia	Lagomorpha	Leporidae				tooth frag			y
LACMP23-28107	NSF-16-25	B2/L2	Mammalia	Rodentia	Sciuridae	Xerinae			lower molar frag		2/27/2019	y
LACMP23-28108	NSF-16-26	B2/L2	Mammalia	Rodentia	Cricetidae	Arvicolinae	Microtus	sp	lower rt m3			y
LACMP23-28109	NSF-16-27	B2/L2	Mammalia	Lagomorpha	Leporidae		Sylvilagus	sp	partial p3	very juv	2/27/2019	y
LACMP23-28110	NSF-16-28	B2/L2	Mammalia	Carnivora	Canidae		Canis	cf latrans	lower rt i1			n
LACMP23-28111	NSF-16-29	B2/L2	Mammalia	Lagomorpha	Leporidae		?Sylvilagus	sp	upper tooth frag			y
LACMP23-28112	NSF-16-30	B2/L2	Mammalia	Rodentia	Cricetidae	Arvicolinae	Microtus	sp	upper lt M1			y
LACMP23-28113	NSF-16-31	B2/L2	Mammalia	Rodentia	Cricetidae	Arvicolinae	Microtus	sp	lower lt m2	anterior broken		y
LACMP23-28114	NSF-16-32	B2/L2	Mammalia	Lagomorpha	Leporidae		Sylvilagus	sp	upper M3			y
LACMP23-28115	NSF-16-33	B2/L2	Mammalia	Rodentia	?Geomyidae				partial molar 			y
LACMP23-28116	NSF-16-34	B2/L2	Mammalia	Lagomorpha	Leporidae		?Sylvilagus	sp	partial tooth			y
LACMP23-28117; LACMP23-28118; LACMP23-28119; LACMP23-28120; LACMP23-28121; LACMP23-28122; LACMP23-28123; LACMP23-28124; LACMP23-28125; LACMP23-28126; LACMP23-28127	NSF-16-35	B2/L2	Mammalia	Misc					Misc. partial rodent/lagomorph teeth and incisors			n
LACMP23-28128	NSF-16-36	B2/L2	Mammalia	Rodentia	Cricetidae	Neotominae	cf Peromyscus		upper rt M1	small accessory loph	2/27/2019	y
	NSF-16-37	B2/L2	Mammalia	Rodentia	?Heteromyidae				worn upper rt dP4	large for Dipodomys		y
	NSF-16-38	B2/L2	Mammalia	???					tooth			n
LACMP23-28129	NSF-16-39	B2/L2	Mammalia	Rodentia	Cricetidae	Arvicolinae	Microtus	sp	partial lower m1			y
LACMP23-28130	NSF-16-40	B2/L2	Mammalia	Lagomorpha	Leporidae		?Sylvilagus	sp	partial tooth			y
	NSF-16-41	B2/L2	Insecta	Hymenoptera	Formicidae				ant cranium	Exceptionally well preserved		n
LACMP23-28131	NSF-16-42	B2/L2	Mammalia	Rodentia	Cricetidae	Arvicolinae	Microtus	sp	molar frag			y
LACMP23-28132	NSF-16-43	B2/L2	Mammalia	Rodentia	Sciuridae				lower molar frag		2/27/2019	y
LACMP23-28133	NSF-16-44	B2/L2	Mammalia	Rodentia	Cricetidae	Neotominae	cf Peromyscus	sp	lower lt m1	caked w/ matrix, grade 1		y
LACMP23-28134	NSF-16-45	B2/L2	Mammalia	Rodentia	Cricetidae	Arvicolinae	Microtus	sp	upper rt M1			y
LACMP23-28135	NSF-16-46	B2/L2	Mammalia	Rodentia	Cricetidae	Neotominae	Peromyscus	sp	upper lt M1	small accessory loph	2/27/2019	y
LACMP23-28136	NSF-16-47	B2/L2	Mammalia	Rodentia	Cricetidae	Neotominae			upper rt M2	heavily worn	2/27/2019	y
LACMP23-28137	NSF-16-48	B2/L2	Mammalia	Rodentia	Sciuridae	Xerinae	Otospermophilus	?beecheyi	upper lt P4			y
LACMP23-28138	NSF-16-49	B2/L2	Mammalia	Rodentia	Heteromyidae	Dipodomyinae	Dipodomys	sp	molar	juv	2/27/2019	y
LACMP23-28139	NSF-16-50	B2/L2	Mammalia	Rodentia	Cricetidae	Arvicolinae	Microtus	sp	molar frag			y
LACMP23-28140	NSF-16-51	B2/L2	Mammalia	Rodentia	Cricetidae	Arvicolinae	Microtus	sp	molar frag			y
LACMP23-28141	NSF-16-52	B2/L2	Mammalia	Rodentia	Cricetidae	Arvicolinae	Microtus	sp	molar frag			y
LACMP23-28142	NSF-16-53	B2/L2	Mammalia	Rodentia	Cricetidae	Arvicolinae	Microtus	sp	partial lower rt molar	anterior broken		y
LACMP23-28143	NSF-16-54	B2/L2	Mammalia	Lagomorpha	Leporidae		Sylvilagus	sp	upper rt tooth			y
LACMP23-28144	NSF-16-55	B2/L2	Mammalia	Lagomorpha	Leporidae		?Sylvilagus	sp	upper tooth frag			y
LACMP23-28145	NSF-16-56	B2/L2	Mammalia	Lagomorpha	Leporidae				tooth frag			y
LACMP23-28146	NSF-16-57	B2/L2	Mammalia	Lagomorpha	Leporidae		Sylvilagus	sp	upper P2			y
Not Cataloged	NSF-16-57	B2/L2	Mammalia	Lagomorpha/Rodentia					Misc. rodent/lagomorph partial teeth, incisors, and dentary frags			n
LACMP23-28147	NSF-16-58	A1/L3	Mammalia	Rodentia	Cricetidae	Arvicolinae	Microtus	sp	partial lower lt m1	posterior loop broken		y
LACMP23-28148	NSF-16-59	A1/L3	Mammalia	Rodentia	Sciuridae	Xerinae	Otospermophilus	?beecheyi	upper lt M1/M2			y
LACMP23-28149	NSF-16-60	A1/L3	Mammalia	Lagomorpha/Rodentia					incisor			n
LACMP23-28150	NSF-16-61	A1/L3	Mammalia	Lagomorpha	Leporidae		Sylvilagus	sp	upper lt tooth			y
LACMP23-28151	NSF-16-62	A1/L3	Mammalia	Rodentia	Cricetidae	Neotominae	Peromyscus	sp	lower lt m2			y
LACMP23-28152	NSF-16-63	A2/L3	Mammalia	Carnivora	Mustelidae	Mustelinae	Mustela	frenata	dentary with m1 and p3	missing coronoid process; p3 found in mesh 16; p2 alveolus absent		y
LACMP23-28153	NSF-16-64	A2/L3	Mammalia	Carnivora	Canidae	Caninae	Canis	latrans	upper rt P1			n
LACMP23-28177	NSF-16-65	A2/L3	Aves						beak			n
LACMP23-28154	NSF-16-66	A2/L3	Mammalia	Carnivora	Canidae		Canis	latrans	upper partial incisor			n
LACMP23-28155	NSF-16-67	A2/L3	Mammalia	Rodentia	Cricetidae	Neotominae	Peromyscus	sp	lt dentary w/o teeth	complete		y
LACMP23-28156	NSF-16-68	A2/L3	Mammalia	Rodentia	Cricetidae	Arvicolinae	Microtus	sp	upper lt M1			y
LACMP23-28157	NSF-16-69	A2/L3	Mammalia	Rodentia	Cricetidae	Arvicolinae	Microtus	sp	lower rt m1			y
LACMP23-28158	NSF-16-70	A2/L3	Mammalia	Rodentia	Cricetidae	Arvicolinae	Microtus	californicus	lower rt m1		5/17/2020	y
LACMP23-28159	NSF-16-71	A2/L3	Mammalia	Rodentia	Cricetidae	Arvicolinae	Microtus	sp	lower rt m1			y
LACMP23-28160	NSF-16-72	A2/L3	Mammalia	Rodentia	Cricetidae	Arvicolinae	Microtus	californicus	lower lt m1		5/17/2020	y
LACMP23-28161	NSF-16-73	A2/L3	Mammalia	Rodentia	Sciuridae	Xerinae	Otospermophilus	?beecheyi	upper rt M3			y
LACMP23-28162	NSF-16-74	A2/L3	Mammalia	Rodentia	Sciuridae	Xerinae	Otospermophilus	?beecheyi	lower lt m3		2/27/2019	y
LACMP23-28163	NSF-16-75	A2/L3	Mammalia	Rodentia	Sciuridae	Xerinae	Otospermophilus	?beecheyi	upper rt M1/M2			y
LACMP23-28164	NSF-16-76	A2/L3	Mammalia	Rodentia	Sciuridae	Xerinae	Otospermophilus	?beecheyi	upper rt M1/M2			y
LACMP23-28165	NSF-16-77	A2/L3	Mammalia	Rodentia	Sciuridae	Xerinae	Otospermophilus	?beecheyi	lower rt p4			y
LACMP23-28166	NSF-16-78	A2/L3	Mammalia	Lagomorpha	Leporidae		Sylvilagus	sp	upper rt tooth			y
LACMP23-28167	NSF-16-79	A2/L3	Mammalia	Lagomorpha	Leporidae		Sylvilagus	sp	lower rt tooth			y
LACMP23-28168	NSF-16-80	A2/L3	Mammalia	Lagomorpha	Leporidae		Sylvilagus	sp	lower rt tooth			y
LACMP23-28169	NSF-16-81	A2/L3	Mammalia	Lagomorpha	Leporidae		Sylvilagus	sp	lower rt tooth			y
LACMP23-28170; LACMP23-28171; LACMP23-28172; LACMP23-28173; LACMP23-28174; LACMP23-28175	NSF-16-82	A2/L3	Mammalia	Lagomorpha/Rodentia					misc. incisors and crania/dentary frags			n
LACMP23-28176	NSF-16-83	A2/L3	Mammalia	Lagomorpha	Leporidae		Sylvilagus	sp	tooth frag	juv		y
LACMP23-28178	NSF-16-84	A2/L3	Mammalia	Rodentia	Cricetidae	Arvicolinae	Microtus	sp	upper lt M2			y
LACMP23-28179	NSF-16-85	A2/L3	Mammalia	Rodentia	Cricetidae	Arvicolinae	Microtus	sp	upper rt M2			y
LACMP23-28180	NSF-16-86	A2/L3	Mammalia	Rodentia	Cricetidae	Neotominae	Peromyscus	sp	lower lt m1	grade 0		y
LACMP23-28181	NSF-16-87	A2/L3	Mammalia	Lagomorpha	Leporidae		?Sylvilagus	sp	upper tooth frag			y
LACMP23-28182	NSF-16-88	A2/L3	Mammalia	Rodentia	Cricetidae	Neotominae	Peromyscus	sp	upper lt M2		2/27/2019	y
LACMP23-28183	NSF-16-89	A2/L3	Mammalia	Rodentia	Geomyidae	Thomomyinae	Thomomys	sp	lower rt m1/m2			y
LACMP23-28184	NSF-16-90	A2/L3	Mammalia	Rodentia	Cricetidae	Arvicolinae	Microtus	sp	upper rt M1			y
LACMP23-28185	NSF-16-91	A2/L3	Mammalia	Rodentia	Sciuridae				lower molar frag		2/27/2019	y
LACMP23-28186	NSF-16-92	A2/L3	Mammalia	Rodentia	Cricetidae	Neotominae	Peromyscus	sp	upper lt M1	small accessory loph, ~1.75mm	2/27/2019	y
LACMP23-28187	NSF-16-93	A2/L3	Mammalia	Lagomorpha	Leporidae		Sylvilagus	sp	lower rt p3	very juv	9/13/2018	y
LACMP23-28188	NSF-16-94	A2/L3	Mammalia	Rodentia	Cricetidae	Arvicolinae	Microtus	sp	upper lt M2			y
LACMP23-28189	NSF-16-95	A2/L3	Mammalia	Rodentia	Cricetidae	Neotominae			lower lt m2		1/21/2019	y
LACMP23-28190	NSF-16-96	A2/L3	Mammalia	Rodentia	Cricetidae	Neotominae	cf Peromyscus	sp	lower right m1	grade 0	2/27/2019	y
LACMP23-28191	NSF-16-97	A2/L3	Mammalia	Rodentia	Cricetidae	Arvicolinae	Microtus	sp	upper rt M1			y
LACMP23-28192	NSF-16-98	A2/L3	Mammalia	Rodentia	Cricetidae	Arvicolinae	Microtus	sp	partial molar			y
LACMP23-28193	NSF-16-99	A2/L3	Mammalia	Rodentia	Sciuridae	Xerinae	Otospermophilus	?beecheyi	lower molar frag			y
LACMP23-28194	NSF-16-100	A2/L3	Mammalia	??					partial tooth			n
LACMP23-28195	NSF-16-101	A2/L3	Mammalia	Rodentia	Cricetidae	Arvicolinae	Microtus	sp	upper lt M2			y
LACMP23-28196	NSF-16-102	A2/L3	Mammalia	Rodentia	Cricetidae	Arvicolinae	Microtus	sp	lower molar frag	anterior broken		y
LACMP23-28197	NSF-16-103	A2/L3	Mammalia	Lagomorpha	Leporidae		Sylvilagus	sp	lower tooth frag	juv		y
LACMP23-28198	NSF-16-104	A2/L3	Mammalia	Rodentia	Geomyidae	Thomomyinae	Thomomys	sp	lower m1/m2		2/27/2019	y
LACMP23-28224	NSF-16-105	A2/L3	Mammalia	Rodentia	Cricetidae	Arvicolinae	Microtus	sp	partial upper molar			y
LACMP23-28199	NSF-16-106	A2/L3	Mammalia	Rodentia	Cricetidae	Arvicolinae	Microtus	sp	partial lower rt m1	posterior broken		y
LACMP23-28200	NSF-16-107	A2/L3	Mammalia	Rodentia	Cricetidae	Neotominae			upper rt M1	suface covered	2/27/2019	y
LACMP23-28201	NSF-16-108	A2/L3	Mammalia	Rodentia	Geomyidae	Thomomyinae	Thomomys	sp	upper lt P4		1/21/2019	y
LACMP23-28202	NSF-16-109	A2/L3	Mammalia	Lagomorpha	Leporidae		Sylvilagus	sp	upper lt P2			y
LACMP23-28203	NSF-16-110	A2/L3	Mammalia	Rodentia	Cricetidae	Arvicolinae	Microtus	sp	molar frag	both ends broken		y
LACMP23-28204	NSF-16-111	A2/L3	Mammalia	Rodentia	Cricetidae	Neotominae			lower lt m2		1/21/2019	y
LACMP23-28205	NSF-16-112	A2/L3	Mammalia	Rodentia	Cricetidae	Neotominae	cf Peromyscus	sp	upper rt M1	juv?	2/27/2019	y
LACMP23-28206; LACMP23-28207; LACMP23-28208; LACMP23-28209; LACMP23-28210: LACMP23-28211; LACMP23-28212; LACMP23-28213; LACMP23-28214; LACMP23-28215; LACMP23-28216; LACMP23-28217; LACMP23-28218; LACMP23-28219; LACMP23-28220; LACMP23-28221; LACMP23-28222; LACMP23-28223; 	NSF-16-113	A2/L3	Mammalia	Rodentia/Lagomorpha					misc. incisors, denary frags, and tooth frags			n
LACMP23-28347	NSF-16-114	B2/L3	Mammalia	Carnivora	Canidae		Canis	cf dirus	upper rt I2			n
LACMP23-28225	NSF-16-115	B2/L3	Mammalia	Rodentia	Cricetidae	Arvicolinae	Microtus	sp	lower rt m1		5/17/2020	y
LACMP23-28226	NSF-16-116	B2/L3	Mammalia	Rodentia	Cricetidae	Arvicolinae	Microtus	californicus	lower lt m1	occlusal surface broken		y
LACMP23-28227	NSF-16-117	B2/L3	Mammalia	Rodentia	Cricetidae	Arvicolinae	cf Microtus	sp	lt anterior dentary frag			y
LACMP23-28228	NSF-16-118a	B2/L3	Mammalia	Lagomorpha	Leporidae		Sylvilagus	sp	upper tooth	juv		y
LACMP23-28229	NSF-16-118b	B2/L3	Mammalia	Lagomorpha	Leporidae		?Sylvilagus	sp	upper tooth frag			y
LACMP23-28230	NSF-16-118c	B2/L3	Mammalia	Lagomorpha	Leporidae		Sylvilagus	sp	upper tooth	juv		y
LACMP23-28231	NSF-16-118d	B2/L3	Mammalia	Lagomorpha	Leporidae		Sylvilagus	sp	upper tooth	juv		y
LACMP23-28232	NSF-16-118e	B2/L3	Mammalia	Lagomorpha	Leporidae		Sylvilagus	sp	lower rt tooth	juv		y
LACMP23-28233	NSF-16-118f	B2/L3	Mammalia	Lagomorpha	Leporidae		Sylvilagus	sp	lower rt tooth	juv		y
LACMP23-28234	NSF-16-118g	B2/L3	Mammalia	Lagomorpha	Leporidae		Sylvilagus	sp	lower p3	juv, poorly preserved		y
LACMP23-28235	NSF-16-118h	B2/L3	Mammalia	Lagomorpha	Leporidae		Sylvilagus	sp	lower lt tooth	juv		y
LACMP23-28236	NSF-16-118i	B2/L3	Mammalia	Lagomorpha	Leporidae		?Sylvilagus	sp	upper tooth frag			y
LACMP23-28237	NSF-16-119	B2/L3	Mammalia	Rodentia	Cricetidae	Neotominae	Peromyscus	cf P. maniculatus	upper rt M1	large accessory loph, ~2mm	2/27/2019	y
LACMP23-28238	NSF-16-120	B2/L3	Mammalia	Rodentia	Cricetidae	Neotominae	Peromyscus	cf P. californicus	upper lt M2	large	2/20/2020	y
LACMP23-28239	NSF-16-121	B2/L3	Mammalia	Rodentia	Cricetidae	Arvicolinae	Microtus	sp	lower rt m2			y
LACMP23-28240	NSF-16-122	B2/L3	Mammalia	Rodentia	Cricetidae	Arvicolinae	Microtus	sp	upper lt M3			y
LACMP23-28241	NSF-16-123a	B2/L3	Mammalia	Lagomorpha	Leporidae		Sylvilagus	sp	upper rt tooth	juv		y
LACMP23-28242	NSF-16-123b	B2/L3	Mammalia	Lagomorpha	Leporidae		?Sylvilagus	sp	upper tooth frag	juv		y
LACMP23-28243	NSF-16-124	B2/L3	Mammalia	Rodentia	Cricetidae	Neotominae	Peromyscus	cf P. maniculatus	upper lt M1	large accessory loph, ~2mm	2/27/2019	y
LACMP23-28244	NSF-16-125	B2/L3	Mammalia	Rodentia	Cricetidae	Neotominae	Peromyscus	sp	upper rt M2	acid etched?	2/27/2019	y
LACMP23-28245	NSF-16-126	B2/L3	Mammalia	Rodentia	Cricetidae	Arvicolinae	Microtus	sp	upper lt M1			y
LACMP23-28246	NSF-16-127	B2/L3	Mammalia	Rodentia	?Heteromyidae				tooth frag		2/27/2019	y
LACMP23-28247	NSF-16-128a	B2/L3	Mammalia	Lagomorpha	Leporidae		?Sylvilagus	sp	tooth frag	juv		y
LACMP23-28248	NSF-16-128b	B2/L3	Mammalia	Lagomorpha	Leporidae		?Sylvilagus	sp	upper tooth frag	juv		y
LACMP23-28249	NSF-16-129	B2/L3	Mammalia	Lagomorpha	Leporidae		?Sylvilagus	sp	tooth frag	juv		y
LACMP23-28250	NSF-16-130	B2/L3	Mammalia	Rodentia	Cricetidae	Neotominae	Peromyscus	cf P. californicus	lower lt m1	grade 1, posterior accessory loph, P. califoricus?	2/20/2020	y
LACMP23-28251	NSF-16-131	B2/L3	Mammalia	Rodentia	Cricetidae	Neotominae	Peromyscus	cf P. californicus	rt m2	acid etched?; large - P. californicus?	2/20/2020	y
LACMP23-28252	NSF-16-132	B2/L3	Mammalia	Rodentia	Cricetidae	Arvicolinae	Microtus	sp	upper lt M2			y
LACMP23-28253	NSF-16-133a	B2/L3	Mammalia	Lagomorpha	Leporidae		Sylvilagus	sp	lower rt p3	occlusal surface broken, juv		y
LACMP23-28254	NSF-16-133b	B2/L3	Mammalia	Lagomorpha	Leporidae		Sylvilagus	sp	lower tooth	juv		y
LACMP23-28255	NSF-16-134	B2/L3	Mammalia	Rodentia	Cricetidae	Neotominae	Peromyscus	cf P. californicus	upper rt M2	large	2/20/2020	y
LACMP23-28256	NSF-16-135	B2/L3	Mammalia	Lagomorpha	Leporidae				tooth frag			y
LACMP23-28257	NSF-16-136	B2/L3	Mammalia	Rodentia	Cricetidae	Neotominae	Peromyscus	sp	upper rt M1	acid etched?, large for P.man ~2mm	2/27/2019	y
LACMP23-28258	NSF-16-137	B2/L3	Mammalia	Rodentia	Cricetidae	Neotominae	Peromyscus	cf P. californicus	lower rt m1	grade 1, acid etched?, posterior accessory loph, P. califoricus?	2/20/2020	y
LACMP23-28259	NSF-16-138	B2/L3	Mammalia	Lagomorpha	Leporidae		Sylvilagus	sp	lower (lt?) p3	juv, poorly preserved		y
Not Cataloged	NSF-16-139	B2/L3	Mammalia	Rodentia/Lagomorpha					Misc. partial teeth, incisors, and dentary frags			n
LACMP23-28260	NSF-16-140	B2/L3	Mammalia						baculum?			n
LACMP23-28261	NSF-16-141	A1/L4	Mammalia	Rodentia	Sciuridae	Xerinae	Otospermophilus	?beecheyi	upper lt M3			y
LACMP23-28262	NSF-16-142	A1/L4	Mammalia	Lagomorpha	Leporidae		Sylvilagus	sp	lower lt tooth	juv		y
LACMP23-28263	NSF-16-143	A1/L4	Mammalia	Lagomorpha	Leporidae		Sylvilagus	sp	lower lt tooth			y
LACMP23-28264	NSF-16-144	A1/L4	Mammalia	Carnivora	cf Mustelidae		Taxidea	taxus	incisor frag			n
LACMP23-28265	NSF-16-145a	A1/L4	Mammalia	Lagomorpha	Leporidae				tooth frag			y
LACMP23-28266	NSF-16-145b	A1/L4	Mammalia	Lagomorpha	Leporidae		Sylvilagus	audubonii	partial lower lt p3	Juv	9/13/2018	y
LACMP23-28267	NSF-16-146	A2/L4	Mammalia	Rodentia	Cricetidae	Neotominae	Neotoma	sp	lower rt m2			y
LACMP23-28268	NSF-16-147	A2/L4	Mammalia	Rodentia	Cricetidae	Arvicolinae	Microtus	californicus	lower rt m1		1/21/2019	y
LACMP23-28269	NSF-16-148	A2/L4	Mammalia	Rodentia	Cricetidae	Arvicolinae	Microtus	californicus	lower lt m1		1/21/2019	y
LACMP23-28270	NSF-16-149	A2/L4	Mammalia	Rodentia	Cricetidae	Arvicolinae	Microtus	californicus	lower rt m1		1/21/2019	y
LACMP23-28271	NSF-16-150	A2/L4	Mammalia	Rodentia	Cricetidae	Arvicolinae	Microtus	sp	upper rt M1			y
LACMP23-28272	NSF-16-151	A2/L4	Mammalia	Rodentia	Cricetidae	Arvicolinae	Microtus	sp	upper lt M2	anterior loop broken		y
LACMP23-28273	NSF-16-152	A2/L4	Mammalia	Lagomorpha	Leporidae		Sylvilagus	sp	lower m3			y
LACMP23-28274	NSF-16-153	A2/L4	Mammalia	Rodentia	Sciuridae	Xerinae	Otospermophilus	?beecheyi	lower lt m3		2/27/2019	y
LACMP23-28275	NSF-16-154	A2/L4	Mammalia	Rodentia	Sciuridae	Xerinae	Otospermophilus	?beecheyi	lower rt m1/m2	juv		y
LACMP23-28276	NSF-16-155	A2/L4	Mammalia	Lagomorpha	Leporidae		Sylvilagus	sp	upper lt P2			y
LACMP23-28277	NSF-16-156	A2/L4	Mammalia	Lagomorpha	Leporidae		Sylvilagus	sp	upper rt P2			y
LACMP23-28278	NSF-16-157	A2/L4	Mammalia	Lagomorpha	Leporidae		Sylvilagus	sp	upper tooth			y
LACMP23-28279	NSF-16-158a	A2/L4	Mammalia	Lagomorpha	Leporidae				tooth frag			y
LACMP23-28280	NSF-16-158b	A2/L4	Mammalia	Lagomorpha	Leporidae		Sylvilagus	sp	upper tooth frag			y
LACMP23-28281	NSF-16-158c	A2/L4	Mammalia	Lagomorpha	Leporidae		Sylvilagus	sp	upper rt tooth frag			y
LACMP23-28282	NSF-16-158d	A2/L4	Mammalia	Lagomorpha	Leporidae				tooth frag			y
LACMP23-28283	NSF-16-158e	A2/L4	Mammalia	Lagomorpha	Leporidae		Sylvilagus	sp	upper tooth frag			y
LACMP23-28284; LACMP23-28285; LACMP23-28286; LACMP23-28287; LACMP23-28288; LACMP23-28289; LACMP23-28290	NSF-16-159	A2/L4	Mammalia	Rodentia/Lagomorpha					misc. incisors			n
	NSF-16-160	A2/L4	Mammalia	Rodentia/Lagomorpha					misc. skull and dentary frags			n
LACMP23-28291	NSF-16-161	A2/L4	Mammalia	Carnivora					premolar cusp frag			n
LACMP23-28292	NSF-16-162	A2/L4	Mammalia						baculum?			n
LACMP23-28293	NSF-16-163	A2/L4	Mammalia	Rodentia	Cricetidae	Neotominae	Peromyscus	cf P. maniculatus	upper rt M1	Size ~P.man, large accessory loph	2/27/2019	y
LACMP23-28294	NSF-16-164	A2/L4	Mammalia	Rodentia	Cricetidae	Arvicolinae	Microtus	sp	molar frag			y
LACMP23-28295	NSF-16-165	A2/L4	Mammalia	Rodentia	Sciuridae	Xerinae	Otospermophilus	?beecheyi	partial upper lt M1/M2			y
LACMP23-28296	NSF-16-166	A2/L4	Mammalia	?Rodentia					tooth frag 	strange looking		n
LACMP23-28297	NSF-16-167	A2/L4	Mammalia	Lagomorpha	Leporidae		Sylvilagus	sp	partial upper tooth			y
LACMP23-28298	NSF-16-168	A2/L4	Mammalia	Carnivora					incisor			n
LACMP23-28299	NSF-16-169	A2/L4	Mammalia	Carnivora					incisor			n
LACMP23-28300	NSF-16-170	A2/L4	Mammalia	Rodentia	Cricetidae	Arvicolinae	Microtus	sp	upper lt M3			y
LACMP23-28301	NSF-16-171	A2/L4	Mammalia	Rodentia	Cricetidae	Arvicolinae	Microtus	sp	lower molar frag			y
LACMP23-28302	NSF-16-172	A2/L4	Mammalia	Rodentia	Heteromyidae	Perognathinae			lt m1/m2		2/27/2019	y
LACMP23-28303	NSF-16-173	A2/L4	Mammalia						partial tooth incisor			n
LACMP23-28204	NSF-16-174	A2/L4	Mammalia	Rodentia	Cricetidae	Arvicolinae	Microtus	sp	upper rt M1			y
LACMP23-28305	NSF-16-175	A2/L4	Mammalia	Rodentia	Cricetidae	Arvicolinae	Microtus	sp	upper rt M2			y
LACMP23-28306	NSF-16-176	A2/L4	Mammalia	Rodentia	Cricetidae	Arvicolinae	Microtus	sp	lower rt M3			y
LACMP23-28307	NSF-16-177	A2/L4	Mammalia	Rodentia	Cricetidae	Arvicolinae	Microtus	sp	lower lt M3			y
LACMP23-28308	NSF-16-178	A2/L4	Mammalia	Rodentia	Geomyidae	Thomomyinae	Thomomys	sp	lower lt m1/m2			y
LACMP23-28309	NSF-16-179	A2/L4	Mammalia	Rodentia	Cricetidae	Arvicolinae	Microtus	sp	lower rt M2			y
LACMP23-28310	NSF-16-180	A2/L4	Mammalia	Rodentia	Cricetidae	Arvicolinae	Microtus	sp	lower rt M2	anterior broken		y
LACMP23-28311	NSF-16-181	A2/L4	Mammalia	Rodentia	Sciuridae				lower molar frag		2/27/2019	y
LACMP23-28312	NSF-16-182	A2/L4	Mammalia	Rodentia	Cricetidae	Arvicolinae	Microtus	sp	lower lt m2	posterior broken		y
LACMP23-28313	NSF-16-183	A2/L4	Mammalia	Rodentia	Cricetidae	Neotominae	Peromyscus	sp	lower lt m2	moderately worn	2/27/2019	y
LACMP23-28314	NSF-16-184	A2/L4	Mammalia	Rodentia	Sciuridae	Xerinae	Otospermophilus	?beecheyi	partial upper rt P4			y
LACMP23-28315	NSF-16-185	A2/L4	Mammalia	Lagomorpha	Leporidae		Sylvilagus	sp	lower lt tooth			y
LACMP23-28316	NSF-16-186	A2/L4	Mammalia	Rodentia	Cricetidae	Arvicolinae	Microtus	sp	upper rt M1			y
LACMP23-28317	NSF-16-187	A2/L4	Mammalia	Lagomorpha	Leporidae		Sylvilagus	sp	upper lt tooth			y
LACMP23-28318	NSF-16-188	A2/L4	Mammalia	Rodentia	Cricetidae	Arvicolinae	Microtus	sp	partial upper lt M3			y
LACMP23-28319	NSF-16-189	A2/L4	Mammalia	Rodentia	Cricetidae	Arvicolinae	Microtus	sp	upper molar frag			y
LACMP23-28320	NSF-16-190	A2/L4	Mammalia	Rodentia	Cricetidae	Arvicolinae	Microtus	sp	upper lt M2	anterior loop broken		y
LACMP23-28321	NSF-16-191	A2/L4	Mammalia	Rodentia	Cricetidae	Arvicolinae	Microtus	sp	upper rt M1 frag			y
LACMP23-28322; LACMP23-28323	NSF-16-192	A2/L4	Mammalia	Lagomorpha	Leporidae		Sylvilagus	sp	lower lt tooth (2 frags)			y
LACMP23-28324	NSF-16-193	A2/L4	Mammalia	Carnivora	Canidae		Canis	sp	upper rt incisor frag			n
Not Cataloged	NSF-16-194	A2/L4	Mammalia	Rodentia/Lagomorpha					misc. incisors and tooth frags			n
LACMP23-28325	NSF-16-195	A2/L5	Mammalia	Rodentia	Cricetidae	Arvicolinae	Microtus	californicus	lower rt m1		1/21/2019	y
LACMP23-28326	NSF-16-196	A2/L5	Mammalia	Rodentia	Cricetidae	Arvicolinae	Microtus	sp	lower rt m1		5/17/2020	y
LACMP23-28327	NSF-16-197	A2/L5	Mammalia	Rodentia	Cricetidae	Arvicolinae	Microtus	californicus	lower rt m1			y
LACMP23-28328	NSF-16-198	A2/L5	Mammalia	Rodentia	Cricetidae	Arvicolinae	Microtus	californicus	lower lt m1			y
LACMP23-28329	NSF-16-199	A2/L5	Mammalia	Rodentia	Cricetidae	Arvicolinae	Microtus	sp	upper rt M1			y
LACMP23-28330	NSF-16-200	A2/L5	Mammalia	Rodentia	Cricetidae	Arvicolinae	Microtus	sp	upper lt M1			y
LACMP23-28331	NSF-16-201	A2/L5	Mammalia	Rodentia	Cricetidae	Arvicolinae	Microtus	sp	upper rt M3			y
LACMP23-28333	NSF-16-202	A2/L5	Mammalia	Rodentia	Cricetidae	Arvicolinae	Microtus	sp	upper lt M3			y
LACMP23-28334	NSF-16-203	A2/L5	Mammalia	Rodentia	Sciuridae	Xerinae	Otospermophilus	?beecheyi	upper lt dP4		2/27/2019	y
LACMP23-28335	NSF-16-204	A2/L5	Mammalia	Rodentia	Sciuridae	Xerinae	Otospermophilus	?beecheyi	upper lt M3			y
LACMP23-28336	NSF-16-205	A2/L5	Mammalia	Rodentia	Sciuridae	Xerinae	Otospermophilus	?beecheyi	partial upper rt dP4		2/27/2019	y
LACMP23-28337	NSF-16-206	A2/L5	Mammalia	Lagomorpha	Leporidae		Sylvilagus	sp	rt maxilla w/ P3			y
LACMP23-28338	NSF-16-207	A2/L5	Mammalia	Lagomorpha	Leporidae		Sylvilagus	sp	upper rt tooth			y
LACMP23-28339	NSF-16-208	A2/L5	Mammalia	Lagomorpha	Leporidae		Sylvilagus	sp	upper rt tooth			y
LACMP23-28340	NSF-16-209	A2/L5	Mammalia	Rodentia	Geomyidae	Thomomyinae	Thomomys	sp	upper rt P4		2/27/2019	y
Not Cataloged	NSF-16-210	A2/L5	Mammalia	Rodentia/Lagomorpha					Misc. rodent/lagomorph partial teeth, incisors, and skull frags			n
LACMP23-28341	NSF-16-211	A2/L5	Mammalia	Lagomorpha	Leporidae		Sylvilagus	audubonii	lower rt p3	juv	9/13/2018	y
LACMP23-28332	NSF-16-212	A2/L5	Mammalia	Lagomorpha	Leporidae		Sylvilagus	sp	lower lt tooth			y
LACMP23-28342	NSF-16-213	A2/L5	Mammalia	Lagomorpha	Leporidae		Sylvilagus	sp	upper rt tooth			y
LACMP23-28343	NSF-16-214	A2/L5	Mammalia	Lagomorpha	Leporidae		Sylvilagus	sp	maxillary frag 			y
LACMP23-28344	NSF-16-215	A2/L5	Mammalia	Rodentia	Cricetidae	Arvicolinae	Microtus	sp	upper rt M3			y
LACMP23-28345	NSF-16-216	A2/L5	Mammalia	Lagomorpha	Leporidae		Sylvilagus	sp	lower m3			y
LACMP23-28390	NSF-16-217	A2/L5	Mammalia	Carnivora	Mustelidae	Mustelinae	Mustela	frenata	lower rt m2			y
LACMP23-28391	NSF-16-218	A2/L5	Mammalia	Lagomorpha	Leporidae		?Sylvilagus	sp	partial tooth			y
LACMP23-28392	NSF-16-219a	A2/L5	Mammalia	Rodentia	Cricetidae	Arvicolinae	Microtus	sp	molar frag			y
LACMP23-28393	NSF-16-219b	A2/L5	Mammalia	Rodentia	Cricetidae	Arvicolinae	Microtus	sp	molar frag			y
LACMP23-28394	NSF-16-220	A2/L5	Mammalia	Rodentia	Cricetidae	Arvicolinae	Microtus	sp	partial molar			y
LACMP23-28395	NSF-16-221	A2/L5	Mammalia	Rodentia	Cricetidae	Arvicolinae	Microtus	sp	upper rt M2			y
LACMP23-28396	NSF-16-222	A2/L5	Mammalia	Rodentia					anterior lt dentary frag			n
LACMP23-28397	NSF-16-223	A2/L5	Mammalia	Rodentia	Cricetidae	Arvicolinae	Microtus	sp	upper rt M2	occlusal surface worn/broken		y
LACMP23-28398	NSF-16-224	A2/L5	Mammalia	Rodentia	Cricetidae				lower molar	broken in three frags		n
LACMP23-28399	NSF-16-225	A2/L5	Mammalia	cf Rodentia					tooth	strange looking		n
LACMP23-28400	NSF-16-226	A2/L5	Mammalia	Rodentia	Cricetidae	Arvicolinae	Microtus	sp	lower rt m2			y
LACMP23-28401	NSF-16-227	A2/L5	Mammalia	Rodentia	Cricetidae	Neotominae	Peromyscus	sp	upper lt M1	~P.man size, small accessory loph		y
LACMP23-28402	NSF-16-228	A2/L5	Mammalia	Lagomorpha	Leporidae		?Sylvilagus	sp	partial tooth			y
LACMP23-28403	NSF-16-229a	A2/L5	Mammalia	Rodentia	Cricetidae	Arvicolinae	Microtus	sp	molar frag			y
LACMP23-28404	NSF-16-229b	A2/L5	Mammalia	Rodentia	Cricetidae	Arvicolinae	Microtus	sp	molar frag			y
LACMP23-28503	NSF-16-230	A2/L5	Mammalia	Rodentia	Cricetidae	Arvicolinae	Microtus	sp	upper lt M2			y
LACMP23-28504	NSF-16-231	A2/L5	Mammalia	Rodentia	Cricetidae	Arvicolinae	Microtus	sp	upper lt M3			y
LACMP23-28505	NSF-16-232	A2/L5	Mammalia	Rodentia	Sciuridae	Xerinae	Otospermophilus	?beecheyi	upper lt M1/M2	looks different, possibly due to wear		y
LACMP23-28506	NSF-16-233	A2/L5	Mammalia	Rodentia	Cricetidae	Arvicolinae	Microtus	sp	lower rt m2			y
LACMP23-28507	NSF-16-234	A2/L5	Mammalia	Rodentia	Cricetidae	Arvicolinae	Microtus	sp	molar frag			y
LACMP23-28508	NSF-16-235	A2/L5	Mammalia	Lagomorpha	Leporidae		Sylvilagus	sp	upper lt tooth frag			y
LACMP23-28509	NSF-16-236	B1/L3	Mammalia	Rodentia	Cricetidae	Neotominae	Neotoma	sp	lower lt m1		5/17/2020	y
LACMP23-28510	NSF-16-237	B1/L3	Mammalia	Rodentia	Cricetidae	Arvicolinae	Microtus	sp	lower rt m2			y
LACMP23-28511	NSF-16-238	B1/L3	Mammalia	Rodentia	Cricetidae	Arvicolinae	Microtus	sp	lower lt m3			y
LACMP23-28512	NSF-16-239	B1/L3	Mammalia	Rodentia	Cricetidae	Arvicolinae	Microtus	sp	molar frag			y
LACMP23-28513	NSF-16-240	B1/L3	Mammalia	Rodentia	Cricetidae	Neotominae			partial rt dentary		2/27/2019	y
LACMP23-28514	NSF-16-241	B1/L3	Mammalia	Rodentia	Cricetidae	Neotominae	Peromyscus	cf P. californicus	upper lt M2	large, juv?	2/20/2020	y
LACMP23-28515	NSF-16-242	B1/L3	Mammalia	Rodentia	Cricetidae	Neotominae	cf Peromyscus	sp	lower rt m1	grade 0		y
LACMP23-28516	NSF-16-243	B1/L3	Mammalia	Rodentia	Cricetidae	Neotominae	Peromyscus	sp	lower lt m2			y
LACMP23-28517	NSF-16-244	B1/L3	Mammalia	Rodentia	Cricetidae	Neotominae	Peromyscus	sp	lower lt m2 frag		2/27/2019	y
LACMP23-28518	NSF-16-245	B1/L3	Mammalia	Rodentia	Sciuridae				lower molar frag		2/27/2019	y
LACMP23-28519	NSF-16-246	B1/L3	Mammalia	Lagomorpha	Leporidae		Sylvilagus	audubonii	lower rt p3	juv		y
LACMP23-28520	NSF-16-247	B1/L3	Mammalia	Lagomorpha	Leporidae		?Sylvilagus	sp	upper rt tooth			y
LACMP23-28521	NSF-16-248	B1/L3	Mammalia	Lagomorpha	Leporidae		Sylvilagus	sp	upper tooth frag			y
LACMP23-28522	NSF-16-249	B1/L2	Mammalia	Carnivora	Mephitidae		Mephitis	mephitis	lower lt m2		9/26/2018	y
LACMP23-28523	NSF-16-250	B1/L2	Mammalia	Carnivora					incisor			n
LACMP23-28524	NSF-16-251	B1/L2	Mammalia	Rodentia	Cricetidae	Arvicolinae	Microtus	sp	partial molar			y
LACMP23-28525	NSF-16-252	B1/L2	Mammalia	Rodentia	Cricetidae	Neotominae	cf Peromyscus		lower rt m1	grade 1	2/27/2019	y
LACMP23-28526	NSF-16-253	B1/L2	Mammalia	Rodentia	Geomyidae/Heteromyidae				maxillary frag			y
LACMP23-28527	NSF-16-254	B1/L2	Mammalia	Rodentia	Sciuridae	Xerinae	Otospermophilus	?beecheyi	lower rt m1/m2	juv	2/27/2019	y
LACMP23-28528	NSF-16-255	B1/L2	Mammalia	Rodentia	Sciuridae	Xerinae	Otospermophilus	?beecheyi	upper lt dP4		2/27/2019	y
LACMP23-28529	NSF-16-256	B1/L2	Mammalia	Lagomorpha	Leporidae		Sylvilagus	sp	lt anterior dentary frag			y
LACMP23-28530	NSF-16-257	B1/L2	Mammalia	Lagomorpha	Leporidae		Sylvilagus	sp	lower tooth	weathered		y
LACMP23-28531	NSF-16-258	B1/L2	Mammalia	Lagomorpha	Leporidae		Sylvilagus	sp	upper lt tooth frag			y
LACMP23-28532	NSF-16-259	B1/L2	Mammalia	Lagomorpha	Leporidae		Sylvilagus	sp	upper lt tooth frag			y
LACMP23-28533	NSF-16-260	B1/L2	Mammalia	Lagomorpha	Leporidae		Sylvilagus	sp	upper tooth frag			y
LACMP23-28534	NSF-16-261	B1/L2	Mammalia	Lagomorpha	Leporidae		Sylvilagus	sp	upper lt tooth frag			y
LACMP23-28535	NSF-16-262	B1/L2	Mammalia	Lagomorpha	Leporidae		Sylvilagus	sp	upper tooth frag			y
LACMP23-28536	NSF-16-263	B1/L2	Mammalia	Lagomorpha	Leporidae		Sylvilagus	sp	upper tooth frag			y
LACMP23-28537	NSF-16-264	B1/L2	Mammalia	Lagomorpha	Leporidae		Sylvilagus	sp	upper rt P2	juv		y
LACMP23-28538	NSF-16-265	B1/L4	Mammalia	Rodentia	Cricetidae	Arvicolinae	Microtus	sp	lower lt m1	fractured anteriorly	5/17/2020	y
LACMP23-28539	NSF-16-266	B1/L4	Mammalia	Rodentia	Cricetidae	Arvicolinae	Microtus	sp	upper rt M1	fractured posteriorly		y
LACMP23-28540	NSF-16-267	B1/L4	Mammalia	Rodentia	Cricetidae	Arvicolinae	Microtus	sp	upper lt M1	fractured posteriorly		y
LACMP23-28541	NSF-16-268	B1/L4	Mammalia	Rodentia	Cricetidae	Arvicolinae	Microtus	sp	lower lt m2			y
LACMP23-28542	NSF-16-269	B1/L4	Mammalia	Rodentia	Cricetidae	Arvicolinae	Microtus	sp	lower lt m2			y
LACMP23-28543	NSF-16-270	B1/L4	Mammalia	Rodentia	Cricetidae	Arvicolinae	Microtus	sp	molar frag			y
LACMP23-28544	NSF-16-271	B1/L4	Mammalia	Rodentia	Cricetidae	Arvicolinae	Microtus	sp	rt dentary frag w/ tooth alveolus			y
LACMP23-28545	NSF-16-272	B1/L4	Mammalia	Rodentia	Cricetidae	Arvicolinae	Microtus	sp	rt dentary frag w/ tooth alveolus			y
LACMP23-28546	NSF-16-273	B1/L4	Mammalia	Rodentia	Cricetidae	Neotominae	cf Peromyscus	sp	lower lt m1	grade 0		y
LACMP23-28547	NSF-16-274	B1/L4	Mammalia	Rodentia	Geomyidae	Thomomyinae	Thomomys	sp	upper rt P4		1/21/2019	y
LACMP23-28548	NSF-16-275	B1/L4	Mammalia	Rodentia	Geomyidae	Thomomyinae	Thomomys	sp	upper lt M1/M2			y
LACMP23-28549	NSF-16-276	B1/L4	Mammalia	Rodentia	Sciuridae	Xerinae	Otospermophilus	?beecheyi	upper lt M3 			y
LACMP23-28550	NSF-16-277	B1/L4	Mammalia	Rodentia	Sciuridae	Xerinae	Otospermophilus	?beecheyi	partial lower lt m3			y
LACMP23-28551	NSF-16-278	B1/L4	Mammalia	Rodentia	Sciuridae	Xerinae	Otospermophilus	?beecheyi	lower lt p4			y
LACMP23-28552	NSF-16-279	B1/L4	Mammalia	Rodentia	Sciuridae	Xerinae			partial lower rt p4	lingual half missing	2/27/2019	y
LACMP23-28553	NSF-16-280	B1/L4	Mammalia	Carnivora					posterior lower lt premolar frag			n
LACMP23-28554	NSF-16-281	B1/L4	Mammalia	Lagomorpha	Leporidae		Sylvilagus	sp	upper tooth	broken occlusal surface		y
LACMP23-28555	NSF-16-282	B1/L4	Mammalia	Lagomorpha	Leporidae		Sylvilagus	audubonii	lower lt p3		1/21/2019	y
LACMP23-28556	NSF-16-283	B1/L4	Mammalia	Lagomorpha	Leporidae		Sylvilagus	audubonii	lower rt p3	juv	9/13/2018	y
LACMP23-28557	NSF-16-284	B1/L4	Mammalia	Lagomorpha	Leporidae		Sylvilagus	sp	upper lt tooth			y
LACMP23-28558	NSF-16-285	B1/L4	Mammalia	Lagomorpha	Leporidae		Sylvilagus	sp	rt premaxilla			y
LACMP23-28559	NSF-16-286	B1/L4	Mammalia	Lagomorpha	Leporidae		Sylvilagus	sp	lt maxilla w/o teeth			y
LACMP23-28560	NSF-16-287	B1/L4	Mammalia	Lagomorpha	Leporidae		Sylvilagus	sp	rt maxilla frag			y
LACMP23-28561	NSF-16-288	A1/L5	Mammalia	Rodentia	Cricetidae	Arvicolinae	Microtus	sp	upper rt M2			y
LACMP23-28562	NSF-16-289	A1/L5	Mammalia	Lagomorpha	Leporidae		Sylvilagus	sp	rt maxillary frag 	ligual side only		y
LACMP23-28563	NSF-16-290	A1/L5	Mammalia	Lagomorpha	Leporidae		Sylvilagus	sp	upper rt P2	juv		y
LACMP23-28592	NSF-16-291	B1/L8	Mammalia	Lagomorpha	Leporidae		Sylvilagus	sp	lower lt p3	simpe enamel pattern, but large for S. bachmani	9/13/2018	y
LACMP23-28593	NSF-16-292	B1/L8	Mammalia	Lagomorpha	Leporidae		Sylvilagus	sp	lt maxilla w/ upper P3			y
LACMP23-28594	NSF-16-293	B1/L8	Mammalia	Lagomorpha	Leporidae		Sylvilagus	sp	rt maxilla frag			y
LACMP23-28595	NSF-16-294	B1/L8	Mammalia	Lagomorpha	Leporidae		Sylvilagus	sp	lt dentary frag w/ p4-m1			y
LACMP23-28596	NSF-16-295	B1/L8	Mammalia	Lagomorpha	Leporidae		Sylvilagus	sp	upper lt tooth			y
LACMP23-28597	NSF-16-296	B1/L8	Mammalia	Lagomorpha	Leporidae		Sylvilagus	sp	upper lt tooth cap			y
LACMP23-28598	NSF-16-297	B1/L8	Mammalia	Lagomorpha	Leporidae		Sylvilagus	sp	lower lt tooth			y
LACMP23-28599	NSF-16-298	B1/L8	Mammalia	Lagomorpha	Leporidae		Sylvilagus	sp	lower rt tooth			y
LACMP23-28600	NSF-16-299	B1/L8	Mammalia	Carnivora	Mephitidae		Spilogale	gracilis	posterior lt dentary frag	m2 and partial m1 alveolus preserved		y
LACMP23-28601	NSF-16-300	B1/L8	Mammalia	Rodentia	Cricetidae	Arvicolinae	Microtus	sp	rt partial dentary w/o teeth			y
LACMP23-28602	NSF-16-301	B1/L8	Mammalia	Rodentia	Cricetidae	Arvicolinae	Microtus	sp	lower rt m2			y
LACMP23-28603	NSF-16-302	B1/L8	Mammalia	Rodentia	Cricetidae	Arvicolinae	Microtus	sp	lower rt m3			y
LACMP23-28604	NSF-16-303	B1/L8	Mammalia	Rodentia	Cricetidae	Neotominae	cf Peromyscus	sp	lt maxillary frag w/o teeth			y
LACMP23-28605	NSF-16-304	B1/L8	Mammalia	Rodentia	Sciuridae	Xerinae			rt maxilla w/o teeth			y
LACMP23-28606	NSF-16-305	B1/L8	Mammalia	Rodentia	Sciuridae	Xerinae	Otospermophilus	?beecheyi	lower rt m1			y
LACMP23-28607	NSF-16-306	B1/L8	Mammalia	Rodentia	Cricetidae	Arvicolinae	Microtus	californicus	rt anterior dentary frag w/ m1		5/17/2020	y
LACMP23-28608	NSF-16-307	B1/L8	Mammalia	Rodentia	Cricetidae	Arvicolinae	Microtus	sp	upper lt M1			y
LACMP23-28609	NSF-16-308	B1/L8	Mammalia	Lagomorpha	Leporidae		Sylvilagus	sp	rt anterior dentary frag			y
LACMP23-28610	NSF-16-309	B1/L8	Mammalia	Lagomorpha	Leporidae		Sylvilagus	sp	lt premaxilla with incisor			y
LACMP23-28611	NSF-16-310	B1/L8	Mammalia	Lagomorpha	Leporidae		Sylvilagus	sp	upper rt tooth			y
LACMP23-28612	NSF-16-311	B1/L8	Mammalia	Lagomorpha	Leporidae		Sylvilagus	sp	upper rt tooth			y
LACMP23-28613	NSF-16-312	B1/L8	Mammalia	Lagomorpha	Leporidae		Sylvilagus	sp	upper lt tooth			y
LACMP23-28614	NSF-16-313	B1/L8	Mammalia	Lagomorpha	Leporidae		Sylvilagus	sp	upper rt tooth			y
LACMP23-28615	NSF-16-314	B1/L8	Mammalia	Lagomorpha	Leporidae		Sylvilagus	sp	upper tooth frag			y
LACMP23-28616	NSF-16-315	B1/L8	Mammalia	Lagomorpha	Leporidae		Sylvilagus	sp	lower rt tooth			y
LACMP23-28617	NSF-16-316	B1/L8	Mammalia	Lagomorpha	Leporidae		Sylvilagus	sp	lower rt tooth			y
LACMP23-28618	NSF-16-317	B1/L8	Mammalia	Lagomorpha	Leporidae		Sylvilagus	sp	lower rt tooth			y
LACMP23-28619	NSF-16-318	B1/L8	Mammalia	Carnivora	Mustelidae	Mustelinae	?Mustela	frenata	upper lt P3			y
LACMP23-28620	NSF-16-319	B1/L8	Mammalia	Carnivora	Mustelidae	Mustelinae	cf Taxidea	taxus	lower rt p2		9/26/2018	n
LACMP23-28621	NSF-16-320	B1/L8	Mammalia	Carnivora	Canidae		Canis	latrans	lower rt p2			n
LACMP23-28622	NSF-16-321	B1/L5	Mammalia	Rodentia	Cricetidae	Arvicolinae	Microtus	sp	upper lt M3			y
LACMP23-28623	NSF-16-322	B1/L5	Mammalia	Rodentia	Cricetidae	Neotominae			rt posterior jaw frag			y
LACMP23-28624	NSF-16-323	B1/L5	Mammalia	Rodentia	Sciuridae	Xerinae	Otospermophilus	?beecheyi	lower rt m1/m2		2/27/2019	y
LACMP23-28625	NSF-16-324	B1/L5	Mammalia	Rodentia	Sciuridae	Xerinae	Otospermophilus	?beecheyi	lower lt m1/m2		2/27/2019	y
LACMP23-28626	NSF-16-325	B1/L5	Mammalia	Lagomorpha	Leporidae		Sylvilagus	sp	upper tooth frag			y
LACMP23-28627	NSF-16-326	B1/L5	Mammalia	Lagomorpha	Leporidae		Sylvilagus	sp	upper tooth frag			y
LACMP23-28640	NSF-16-327	A1/L6	Mammalia	Rodentia	Sciuridae	Xerinae	Neotamias/Tamias	sp	lower lt p4		7/19/2020	y
LACMP23-28641	NSF-16-328	A1/L6	Mammalia	Rodentia	Sciuridae	Xerinae	Otospermophilus	?beecheyi	upper lt P4	large, unusualy elongte lingual lobe		y
LACMP23-28642	NSF-16-329	A1/L6	Mammalia	Rodentia	Cricetidae	Neotominae			lt maxillary frag		2/27/2019	y
LACMP23-28643	NSF-16-330	A1/L6	Mammalia	Rodentia	Sciuridae	Xerinae	Otospermophilus	?beecheyi	lower rt p4			y
LACMP23-28644	NSF-16-331	A1/L6	Mammalia	Rodentia	Sciuridae	Xerinae	Otospermophilus	?beecheyi	lower lt p4	heavily weathered, acid etching?		y
LACMP23-28645	NSF-16-332	A1/L6	Mammalia	Rodentia	Sciuridae	Xerinae	Otospermophilus	?beecheyi	partial upper lt M1/M2			y
	NSF-16-333	N/A								accidentaly skipped this number		n
LACMP23-28646	NSF-16-334	A1/L6	Mammalia	Rodentia	Sciuridae	Xerinae	Otospermophilus	?beecheyi	upper lt dP4	heavily weathered, acid etching?	2/27/2019	y
LACMP23-28647	NSF-16-335	A1/L6	Mammalia	Rodentia	Sciuridae	Xerinae	Otospermophilus	?beecheyi	lower lt molar frag		2/27/2019	y
LACMP23-28648	NSF-16-336	A1/L6	Mammalia	Rodentia	?Cricetidae				molar frag		2/27/2019	y
LACMP23-28649	NSF-16-337	A1/L6	Mammalia	Rodentia	Cricetidae	Arvicolinae	Microtus	sp	lower rt m1	occlusal surface of anterior loop broken	5/17/2020	y
LACMP23-28650	NSF-16-338	A1/L6	Mammalia	Rodentia	Cricetidae	Arvicolinae	Microtus	sp	upper lt M3			y
LACMP23-28651	NSF-16-339	A1/L6	Mammalia	Rodentia	Cricetidae	Arvicolinae	Microtus	sp	upper rt M3			y
LACMP23-28652	NSF-16-340	A1/L6	Mammalia	Rodentia	Cricetidae	Arvicolinae	Microtus	sp	lower lt m2			y
LACMP23-28653	NSF-16-341	A1/L6	Mammalia	Rodentia	Cricetidae	Arvicolinae	Microtus	sp	molar frag			y
LACMP23-28654	NSF-16-342	A1/L6	Mammalia	Rodentia	Cricetidae	Arvicolinae	Microtus	sp	upper rt M2			y
LACMP23-28655	NSF-16-343	A1/L6	Mammalia	Rodentia	Cricetidae	Arvicolinae	Microtus	sp	lower rt m2	small accessory anterior triangle present, occlusal surf. Poorly preserved		y
LACMP23-28656	NSF-16-344	A1/L6	Mammalia	Rodentia	Cricetidae	Neotominae	Neotoma	sp	lower lt m2?	poorly preserved, anterior broken		y
LACMP23-28657	NSF-16-345	A1/L6	Mammalia	Rodentia	Cricetidae	Neotominae	cf Peromyscus	sp	upper rt M1 frag			y
LACMP23-28658	NSF-16-346	A1/L6	Mammalia	Rodentia	Cricetidae	Neotominae			molar frag			y
LACMP23-28659	NSF-16-347	A1/L6	Mammalia	Lagomorpha	Leporidae		Sylvilagus	sp	lower m3			y
LACMP23-28660	NSF-16-348	A1/L6	Mammalia	Lagomorpha	Leporidae		Sylvilagus	sp	lower m3			y
LACMP23-28661	NSF-16-349	A1/L6	Mammalia	Lagomorpha	Leporidae		Sylvilagus	audubonii	lower lt p3	subadult?	6/6/2019	y
LACMP23-28662	NSF-16-350	A1/L6	Mammalia	Lagomorpha	Leporidae		Sylvilagus	sp	dentary frag with tooth			y
LACMP23-28663	NSF-16-351	A1/L6	Mammalia	Lagomorpha	Leporidae		Sylvilagus	sp	rt anterior dentary frag			y
LACMP23-28664	NSF-16-352	A1/L6	Mammalia	Lagomorpha	Leporidae		Sylvilagus	sp	upper lt tooth			y
LACMP23-28665	NSF-16-353	A1/L6	Mammalia	Lagomorpha	Leporidae		Sylvilagus	sp	upper tooth frag			y
LACMP23-28666	NSF-16-354	A1/L6	Mammalia	Lagomorpha	Leporidae		Sylvilagus	sp	upper tooth frag			y
LACMP23-28667	NSF-16-355	A1/L6	Mammalia	Lagomorpha	Leporidae		Sylvilagus	sp	lower tooth	juv		y
LACMP23-28668	NSF-16-356	A1/L6	Mammalia	Lagomorpha	Leporidae		Sylvilagus	sp	lower tooth	juv		y
LACMP23-28669	NSF-16-357	A1/L6	Mammalia	Lagomorpha	Leporidae		Sylvilagus	sp	lower lt tooth			y
LACMP23-28670	NSF-16-358	A1/L6	Mammalia	Lagomorpha	Leporidae		Sylvilagus	sp	lower lt tooth			y
LACMP23-28671	NSF-16-359	A1/L6	Mammalia	Rodentia	Leporidae		Sylvilagus	sp	upper M3			y
LACMP23-28672	NSF-16-360	A1/L6	Mammalia	Carnivora					incisor frag		9/26/2018	n
LACMP23-28673	NSF-16-361	A1/L7	Mammalia	Rodentia	Cricetidae	Arvicolinae	Microtus	sp	upper rt M1	juv?		y
LACMP23-28674	NSF-16-362	A1/L7	Mammalia	Rodentia	Cricetidae	Neotominae	Peromyscus	sp	rt dentary w/ m2	m2 moderately worn		y
LACMP23-28675	NSF-16-363	A1/L7	Mammalia	Rodentia	Cricetidae	Neotominae			lower rt m1	moderately worn, possibly asscoiated w/ NSF-16-362	2/27/2019	y
LACMP23-28676	NSF-16-364	A1/L7	Mammalia	Rodentia	Sciuridae	Xerinae	Otospermophilus	?beecheyi	upper lt M3			y
LACMP23-28677	NSF-16-365	A1/L7	Mammalia	Rodentia	Sciuridae	Xerinae	Otospermophilus	?beecheyi	lower lt m1/m2	worn	2/27/2019	y
LACMP23-28678	NSF-16-366	A1/L7	Mammalia	Carnivora	Mephitidae		Mephitis	mephitis	lower lt m2		9/26/2018	y
LACMP23-28679	NSF-16-367	A1/L7	Mammalia	Lagomorpha	Leporidae		Sylvilagus	sp	upper rt tooth			y
LACMP23-28680	NSF-16-368	A1/L7	Mammalia	Lagomorpha	Leporidae		Sylvilagus	sp	upper tooth frag			y
LACMP23-28681	NSF-16-369	A1/L7	Mammalia	Lagomorpha	Leporidae		Sylvilagus	sp	upper tooth frag			y
LACMP23-28682	NSF-16-370	A1/L7	Mammalia	Lagomorpha	Leporidae		Sylvilagus	sp	lower lt tooth			y
LACMP23-28683	NSF-16-371	A1/L7	Mammalia	Lagomorpha	Leporidae		Sylvilagus	sp	lower rt tooth			y
LACMP23-28840	NSF-16-372	B2/L4	Mammalia	Rodentia	Cricetidae	Arvicolinae	Microtus	californicus	lt dentary w/ m1-m3	nearly complete	1/21/2019	y
LACMP23-28841	NSF-16-373	B2/L4	Mammalia	Rodentia	Cricetidae	Arvicolinae	Microtus	californicus	lower rt m1	broken occlusal surface	1/21/2019	y
LACMP23-28842	NSF-16-374	B2/L4	Mammalia	Rodentia	Cricetidae	Arvicolinae	Microtus	sp	lower lt M1	broken posteriorly		y
LACMP23-28843	NSF-16-375	B2/L4	Mammalia	Rodentia	Cricetidae	Arvicolinae	Microtus	sp	upper rt M2			y
LACMP23-28844	NSF-16-376	B2/L4	Mammalia	Rodentia	Cricetidae	Arvicolinae	Microtus	sp	tooth frag			y
LACMP23-28845	NSF-16-377	B2/L4	Mammalia	Rodentia	Cricetidae	Arvicolinae	Microtus	sp	tooth frag			y
LACMP23-28846	NSF-16-378	B2/L4	Mammalia	Rodentia	Cricetidae	Arvicolinae	Microtus	sp	tooth frag			y
LACMP23-28847	NSF-16-379	B2/L4	Mammalia	Rodentia	Cricetidae	Neotominae	Peromyscus	cf P. californicus	upper rt M2	large	2/20/2020	y
LACMP23-28848	NSF-16-380	B2/L4	Mammalia	Rodentia	Cricetidae	Neotominae	cf Peromyscus	sp	lower lt m1	grade 0	2/27/2019	y
LACMP23-28849	NSF-16-381	B2/L4	Mammalia	Rodentia	Cricetidae	Neotominae	cf Peromyscus		lower rt m2	very worn	2/27/2019	y
LACMP23-28850	NSF-16-382	B2/L4	Mammalia	Rodentia	Cricetidae	Neotominae	Neotoma	sp	upper lt M3	strange isolated lophs. Juv?	2/27/2019	y
LACMP23-28851	NSF-16-383	B2/L4	Mammalia	Rodentia					P4/p4?	strange looking		n
LACMP23-28853	NSF-16-385	B2/L4	Mammalia	Rodentia					zygomatric arch			n
LACMP23-28852	NSF-16-384	B2/L4	Mammalia	Rodentia					tooth frag			n
LACMP23-28854	NSF-16-386	B2/L4	Mammalia	Rodentia	Sciuridae	Xerinae	Otospermophilus	?beecheyi	lower rt m2			y
LACMP23-28855	NSF-16-387	B2/L4	Mammalia	Rodentia	Sciuridae	Xerinae	Otospermophilus	?beecheyi	lower lt m3			y
LACMP23-28856	NSF-16-388	B2/L4	Mammalia	Rodentia	Sciuridae	Xerinae	Otospermophilus	?beecheyi	partial upper rt M3	ligual side missing		y
LACMP23-28857	NSF-16-389	B2/L4	Mammalia	Rodentia	Sciuridae	Xerinae	Otospermophilus	?beecheyi	upper lt M1/M2			y
LACMP23-28858	NSF-16-390	B2/L4	Mammalia	Lagomorpha	Leporidae		Sylvilagus	audubonii	lower rt p3	juv	9/13/2018	y
LACMP23-28859	NSF-16-391	B2/L4	Mammalia	Lagomorpha	Leporidae		Sylvilagus	sp	upper rt tooth			y
LACMP23-28860	NSF-16-392	B2/L4	Mammalia	Lagomorpha	Leporidae		Sylvilagus	sp	partial lower rt tooth			y
LACMP23-28861	NSF-16-393	B2/L4	Mammalia	Lagomorpha	Leporidae		Sylvilagus	sp	upper tooth frag			y
LACMP23-28862	NSF-16-394	B2/L4	Mammalia	Lagomorpha	Leporidae		Sylvilagus	sp	tooth frag			y
LACMP23-28863	NSF-16-395	B2/L4	Mammalia	Lagomorpha	Leporidae		Sylvilagus	sp	upper tooth frag			y
LACMP23-28864	NSF-16-396	B2/L4	Mammalia	Lagomorpha	Leporidae		Sylvilagus	sp	lower rt tooth frag			y
LACMP23-28865	NSF-16-397	B2/L4	Mammalia	Lagomorpha	Leporidae		Sylvilagus	sp	tooth frag			y
LACMP23-28866	NSF-16-398	B2/L4	Mammalia	Lagomorpha	Leporidae		Sylvilagus	sp	juv. upper lt tooth			y
LACMP23-28867	NSF-16-399	B2/L4	Mammalia	Lagomorpha	Leporidae		Sylvilagus	sp	lower m3			y
LACMP23-28868	NSF-16-400	B2/L4	Mammalia	Lagomorpha	Leporidae		?Sylvilagus	sp	rt maxillary frag			y
LACMP23-28869	NSF-16-401	B2/L4	Mammalia	Soricomorpha	Soricidae	Soricinae	?Sorex	sp	partial rt dentary w/ molar		1/21/2019	y
LACMP23-28870	NSF-16-402	B2/L5	Mammalia	Rodentia	Cricetidae	Neotominae	Peromyscus	sp	rt dentary w/o teeth		02/27/2019	y
LACMP23-28871	NSF-16-403	B2/L5	Mammalia	Rodentia	Cricetidae	Arvicolinae	Microtus	sp	lt anterior dentary w/o teeth			y
LACMP23-28872	NSF-16-404	B2/L5	Mammalia	Rodentia	Cricetidae	Arvicolinae	Microtus	sp	upper lt M1			y
LACMP23-28873	NSF-16-405	B2/L5	Mammalia	Rodentia	Cricetidae	Arvicolinae	Microtus	sp	partial upper M3/ lower m1			y
LACMP23-28874	NSF-16-406	B2/L5	Mammalia	Rodentia	Cricetidae	Arvicolinae	Microtus	sp	molar frag			y
LACMP23-28875	NSF-16-407	B2/L5	Mammalia	Rodentia	Cricetidae	Arvicolinae	Microtus	sp	molar frag			y
LACMP23-28876	NSF-16-408	B2/L5	Mammalia	Rodentia	Sciuridae	Xerinae	Otospermophilus	?beecheyi	upper rt M1/M2			y
LACMP23-28877	NSF-16-409	B2/L5	Mammalia	Rodentia					anterior dentary frag			n
LACMP23-28878	NSF-16-410	B2/L5	Mammalia	Lagomorpha	Leporidae		Sylvilagus	sp	upper lt tooth			y
LACMP23-28879	NSF-16-411	B2/L6	Mammalia	Rodentia	Heteromyidae	Dipodomyinae	Dipodomys	sp	molar	juv	2/27/2019	y
LACMP23-28880	NSF-16-412	B2/L6	Mammalia	Rodentia	Geomyidae	Thomomyinae	?Thomomys	sp	tooth frag			y
LACMP23-28881	NSF-16-413	B2/L6	Mammalia	Lagomorpha	Leporidae		Sylvilagus	sp	upper M3			y
LACMP23-28882	NSF-16-414	B2/L6	Mammalia	Lagomorpha	Leporidae		Sylvilagus	sp	upper rt P2			y
LACMP23-29225	NSF-16-415	A2/L6	Mammalia	Lagomorpha	Leporidae		Sylvilagus	sp	lower tooth	juv		y
LACMP23-29226	NSF-16-416	A2/L6	Mammalia	Rodentia					upper incisor 			n
LACMP23-29227	NSF-16-417	A1/L9+10	Mammalia	Rodentia	Cricetidae	Neotominae			anterior dentary frag			y
LACMP23-29228	NSF-16-418	A1/L9+10	Mammalia	Lagomorpha	?Leporidae				tooth frag		2/27/2019	y
LACMP23-29229	NSF-16-419	A1/L9+10	Mammalia	Lagomorpha	Leporidae		Sylvilagus	bachmani	lower lt p3		1/21/2019	y
LACMP23-29230	NSF-16-420	A1/L9+10	Mammalia	Lagomorpha	Leporidae		Sylvilagus	sp	lower lt tooth	juv		y
LACMP23-29231	NSF-16-421	A1/L9+10	Mammalia	Lagomorpha	Leporidae				tooth frag			y
LACMP23-29232	NSF-16-422	A1/L9+10	Mammalia	Rodentia					lower inciosr			n
LACMP23-31424	NSF-16-423	B1/L6	Mammalia	Carnivora	Canidae		Canis	cf latrans	upper lt P2/P3			n
LACMP23-31425	NSF-16-424	B1/L6	Mammalia	Carnivora	Canidae		Canis	latrans	upper rt P4 frag		9/26/2018	n
LACMP23-31426	NSF-16-425	B1/L6	Mammalia	Lagomorpha	Leporidae		Sylvilagus	sp	partial rt maxilla			y
LACMP23-31427	NSF-16-426	B1/L6	Mammalia	Lagomorpha	Leporidae		Sylvilagus	sp	lower rt tooth			y
LACMP23-31428	NSF-16-427	B1/L6	Mammalia	Lagomorpha	Leporidae		Sylvilagus	sp	posterior lt dentary frag			y
LACMP23-31429	NSF-16-428	B1/L6	Mammalia	Lagomorpha	Leporidae		Sylvilagus	sp	dentary frag 			y
LACMP23-31430	NSF-16-429	B1/L6	Mammalia	Lagomorpha	Leporidae		Sylvilagus	sp	rt anterior dentary frag			y
LACMP23-31431	NSF-16-430	B1/L6	Mammalia	Lagomorpha	Leporidae		Sylvilagus	sp	lower lt tooth			y
LACMP23-31432	NSF-16-431	B1/L6	Mammalia	Lagomorpha	Leporidae		Sylvilagus	sp	lower rt tooth			y
LACMP23-31433	NSF-16-432	B1/L6	Mammalia	Lagomorpha	Leporidae		Sylvilagus	sp	lower lt tooth			y
LACMP23-31434	NSF-16-433	B1/L6	Mammalia	Lagomorpha	Leporidae		Sylvilagus	sp	lower rt tooth			y
LACMP23-31435	NSF-16-434	B1/L6	Mammalia	Lagomorpha	Leporidae		Sylvilagus	sp	upper P2?			y
LACMP23-31436	NSF-16-435	B1/L6	Mammalia	Lagomorpha	Leporidae		Sylvilagus	sp	lower rt tooth			y
LACMP23-31437	NSF-16-436	B1/L6	Mammalia	Lagomorpha	Leporidae		Sylvilagus	sp	tooth frag			y
LACMP23-31438	NSF-16-437	B1/L6	Mammalia	Lagomorpha	Leporidae		Sylvilagus	sp	tooth frag			y
LACMP23-31439	NSF-16-438	B1/L6	Mammalia	Lagomorpha	Leporidae		?Sylvilagus	sp	tooth frag			y
LACMP23-31440	NSF-16-439	B1/L6	Mammalia	Lagomorpha	Leporidae		Sylvilagus	sp	tooth frag			y
LACMP23-31441	NSF-16-440	B1/L6	Mammalia	Lagomorpha	Leporidae		Sylvilagus	sp	lower rt tooth			y
LACMP23-31442	NSF-16-441	B1/L6	Mammalia	Lagomorpha	Leporidae		?Sylvilagus	sp	tooth frag			y
LACMP23-31443	NSF-16-442	B1/L6	Mammalia	Rodentia	Sciuridae	Xerinae	Otospermophilus	?beecheyi	lower lt dentary (no teeth)			y
LACMP23-31444	NSF-16-443	B1/L6	Mammalia	Rodentia	Sciuridae	Xerinae	Otospermophilus	?beecheyi	lower rt m1/m2			y
LACMP23-31445	NSF-16-444	B1/L6	Mammalia	Rodentia	Sciuridae	Xerinae	Otospermophilus	?beecheyi	lower rt m1/m2			y
LACMP23-31446	NSF-16-445	B1/L6	Mammalia	Rodentia	Sciuridae	Xerinae	Otospermophilus	?beecheyi	partial lower rt molar			y
LACMP23-31447	NSF-16-446	B1/L6	Mammalia	Rodentia	Sciuridae	Xerinae	Otospermophilus	?beecheyi	partial lower rt p4	juv	2/27/2019	y
LACMP23-31448	NSF-16-447	B1/L6	Mammalia	Rodentia	Cricetidae	Neotominae	Neotoma	sp	molar - rt? m2?	surface covered	2/27/2019	y
LACMP23-31449	NSF-16-448	B1/L6	Mammalia	Rodentia	Cricetidae	Arvicolinae	Microtus	sp	upper lt M2			y
LACMP23-31450	NSF-16-449	B1/L6	Mammalia	Lagomorpha	Leporidae		?Sylvilagus	sp	tooth frag		2/27/2019	y
LACMP23-31451	NSF-16-450	B1/L6	Mammalia	Soricomorpha	Soricidae	Soricinae	?Sorex	sp	lt maxilla w/ 2 teeth		1/21/2019	y